epoch,variance
0,2.129950438245487e-09
49,1.0547976714292417e-08
