epoch,variance
0,1.9299373889225535e-05
9,4.162924172046445e-11
