epoch,variance
0,1.1003248090446505e-08
50,1.063332888406876e-08
100,3.4265292825352844e-09
150,2.360968087700144e-10
200,2.1682614037565884e-10
