epoch,variance
0,7.170810567913577e-05
9,1.1439365947552016e-11
